{
  "y_log1p_mean": 15.72281769103933,
  "y_log1p_std": 0.7577459079729147,
  "note": "y = expm1(z*sigma + mu)"
}